TEAM_ID,TEAM_NAME,GP,W,L,W_PCT,MIN,FGM,FGA,FG_PCT,FG3M,FG3A,FG3_PCT,FTM,FTA,FT_PCT,OREB,DREB,REB,AST,TOV,STL,BLK,BLKA,PF,PFD,PTS,PLUS_MINUS,GP_RANK,W_RANK,L_RANK,W_PCT_RANK,MIN_RANK,FGM_RANK,FGA_RANK,FG_PCT_RANK,FG3M_RANK,FG3A_RANK,FG3_PCT_RANK,FTM_RANK,FTA_RANK,FT_PCT_RANK,OREB_RANK,DREB_RANK,REB_RANK,AST_RANK,TOV_RANK,STL_RANK,BLK_RANK,BLKA_RANK,PF_RANK,PFD_RANK,PTS_RANK,PLUS_MINUS_RANK,SEASON
1610612752,New York Knicks,44,18,26,0.409,154.183333,97,270,0.359,36,118,0.305,61,83,0.735,38,112,150,64,36.0,9,13,20,94,71,291,-76.0,6,18,27,25,12,20,9,29,6,6,15,29,27,25,11,6,7,12,17,29,17,24,28,21,21,29,2021-22
1610612752,New York Knicks,45,23,22,0.511,199.53,141,322,0.438,34,115,0.296,130,173,0.751,58,125,183,58,52.0,23,23,24,138,123,446,-65.0,6,11,17,14,3,6,6,14,13,9,21,2,1,21,1,5,4,19,25,8,5,27,30,2,5,29,2022-23
1610612752,New York Knicks,33,17,16,0.515,110.393333,95,216,0.44,23,87,0.264,72,103,0.699,46,70,116,44,21.0,21,14,10,52,71,285,52.0,25,19,9,12,28,20,22,18,25,20,26,23,17,28,3,29,21,24,2,9,19,1,1,18,24,6,2023-24
1610612752,New York Knicks,31,19,12,0.613,160.086667,133,282,0.472,26,96,0.271,68,83,0.819,35,96,131,62,31.0,28,20,12,84,70,360,13.0,28,14,3,5,5,4,4,6,23,17,28,23,26,4,14,9,11,8,6,5,4,9,21,19,8,15,2024-25
